{"cameraMode":{"drawMode":0,"name":"Shaded","section":"Shading Mode"},"sceneLighting":true,"audioPlay":false,"sceneViewState":{"m_AlwaysRefresh":false,"showFog":true,"showSkybox":true,"showFlares":true,"showImageEffects":true,"showParticleSystems":true,"showVisualEffectGraphs":true,"m_FxEnabled":true},"in2DMode":false,"pivot":{"x":-0.2047402262687683,"y":1.9010515213012696,"z":-44.07234573364258},"rotation":{"x":0.2949151396751404,"y":-0.061099760234355929,"z":0.01890038326382637,"w":0.9533802270889282},"size":5.684531211853027,"orthographic":false}