{"cameraMode":{"drawMode":0,"name":"Shaded","section":"Shading Mode"},"sceneLighting":true,"audioPlay":false,"sceneViewState":{"m_AlwaysRefresh":false,"showFog":true,"showSkybox":true,"showFlares":true,"showImageEffects":true,"showParticleSystems":true,"showVisualEffectGraphs":true,"m_FxEnabled":true},"in2DMode":false,"pivot":{"x":-4.054217338562012,"y":1.4992148876190186,"z":0.8199909329414368},"rotation":{"x":0.16378602385520936,"y":-0.4285903573036194,"z":0.07931721955537796,"w":0.8849876523017883},"size":7.745889186859131,"orthographic":false}